{
    "stflife": 1.0,
    "happy": 0.6799633640407386,
    "wrhpp": 0.4071232487746909,
    "ctrlife": 0.4015507276592124,
    "enjlf": 0.391731392280198,
    "stfeco": 0.35645711876548164,
    "stfdem": 0.3015279244444124,
    "trstplc": 0.2783694849236992,
    "pplfair": 0.26368401257548724,
    "trstlgl": 0.26324736297374135,
    "stfhlth": 0.25832982577441954,
    "ppltrst": 0.24795434472267144,
    "pplhlp": 0.24257985009006344,
    "trstprl": 0.2396835855796699,
    "stfedu": 0.2374176538430773,
    "stfgov": 0.2374027401634135,
    "trstplt": 0.22281703666164143,
    "hinctnta": 0.2196047358116089,
    "inprdsc": 0.2149374053876619,
    "trstprt": 0.21358990681507878,
    "hlthhmp": 0.20158549253138316,
    "fnsdfml": 0.1975795079866128,
    "sclmeet": 0.19594645318348375,
    "trstun": 0.19251166205144596,
    "psppipla": 0.18777048219943265,
    "sclact": 0.18715927011536826,
    "trstep": 0.18528290223951682,
    "imbgeco": 0.18494130937835798,
    "imwbcnt": 0.179676262108661,
    "wkdcorga": 0.17859085689818022,
    "psppsgva": 0.17833002030965386,
    "hmsfmlsh": 0.17045022577691823,
    "imueclt": 0.16619796461808406,
    "eqpaybg": 0.16358425391224096,
    "netusoft": 0.16339417594481484,
    "dosprt": 0.1522245927712482,
    "liklead": 0.1482881235185845,
    "atchctr": 0.14555099429978563,
    "cptppola": 0.14396893323479273,
    "ccrdprs": 0.14347998923637165,
    "eisced": 0.14163430571357435,
    "eqmgmbg": 0.1403254132654542,
    "eqpolbg": 0.13974121102202897,
    "actcomp": 0.13953112837964196,
    "cnfpplh": 0.13407097243669513,
    "actrolga": 0.12626940084965646,
    "eduyrs": 0.12616040036974363,
    "iorgact": 0.12383014046573464,
    "education_group": 0.12170682660560067,
    "eqwrkbg": 0.11434501162780895,
    "sothnds": 0.11432024103727173,
    "euftf": 0.11311013171428376,
    "eiscedf": 0.1053296937734239,
    "hhmmb": 0.10326899670863876,
    "eiscedm": 0.10115447631300238,
    "gincdif": 0.10000085894642113,
    "cgtsmok": 0.09722972312957946,
    "lrscale": 0.09530497506865585,
    "vteubcmb": 0.09019523601060378,
    "hltphnt": 0.08899120352711562,
    "hltprca": 0.08766604346135073,
    "symtnc19": 0.08750957772287181,
    "likrisk": 0.08204004817821467,
    "pdwrk": 0.08038269422821735,
    "symtc19": 0.07656378652911157,
    "dscrgrp": 0.07419051973464608,
    "dscrnap": 0.07354723423473877,
    "height": 0.0717099028020092,
    "trplcmw": 0.06793910548969821,
    "trmedmw": 0.06547451180327281,
    "marsts": 0.06422902369752645,
    "trplcnt": 0.06259356929257553,
    "trmdcnt": 0.06077224221842338,
    "pray": 0.05694021256431071,
    "trhltmt": 0.05386087428226908,
    "edctn": 0.04973713839619088,
    "yrbrn": 0.048114871239601384,
    "eqparlv": 0.04808717333165688,
    "eqparep": 0.042507527193342394,
    "alcbnge": 0.042317153740703425,
    "livecnta": 0.042087186120053716,
    "rlgblg": 0.037879502018977405,
    "impricha": 0.03750621411406565,
    "rlgatnd": 0.03434011569615245,
    "trwrkmw": 0.034227454331466296,
    "dvrcdeva": 0.03089804811766523,
    "domicil": 0.03030449040817664,
    "trhltpt": 0.027724477836838953,
    "mascfel": 0.02766150625677073,
    "hswrk": 0.027561997664114993,
    "crmvct": 0.02485327751997993,
    "trhltch": 0.022191415319203107,
    "ipmodsta": 0.020901392633785564,
    "hltprnt": 0.02076223806881301,
    "hltphna": 0.01819291844376799,
    "trhltos": 0.017393117877338982,
    "wrclmch": 0.01658016895775966,
    "jbexera": 0.016329543650867268,
    "trhltho": 0.016013030289451433,
    "impbemw": 0.01601015518533759,
    "trhltacu": 0.015615381515707724,
    "wlespdm": 0.014649534060943579,
    "brncntr": 0.013910390085178404,
    "hltpral": 0.013702853789772162,
    "hlpfmhr": 0.013521079968729961,
    "impsafea": 0.012383106561828392,
    "ccnthum": 0.012304457284832444,
    "imptrada": 0.010667271367699165,
    "emplrel": 0.010612974430446067,
    "hltphnap": 0.009194860375333153,
    "jbexpml": 0.009008575446209402,
    "femifel": 0.00853838055778324,
    "icgndra": 0.006502911584243781,
    "pstplonl": 0.005189734094310918,
    "trhltcm": 0.0048727357117876475,
    "netustm": 0.00404672323148701,
    "ipstrgva": 0.003780354717893352,
    "emprelp": 0.0030450651184664,
    "weighta": 0.0018352985547543342,
    "trhlthy": 0.0003514534036339429,
    "chldhhe": -2.4638730722129686e-05,
    "ctzcntr": -0.00013054303201310788,
    "pbldmna": -0.00013087791211162972,
    "trhltacp": -0.0006584492536879158,
    "medtrna": -0.0006668873215562722,
    "fineqpy": -0.001009452104861528,
    "trhltre": -0.0017433740224960287,
    "hltphref": -0.0021193164009891395,
    "dscrdk": -0.0024611514083693912,
    "iprspota": -0.0034571117529001777,
    "hltprsc": -0.004055471808977076,
    "rshpsts": -0.004101263654224343,
    "ipfrulea": -0.004294150939367146,
    "hltphdk": -0.004702607934277748,
    "jbexecp": -0.005448102783464069,
    "pdjobyr": -0.005512935597872524,
    "trhltsh": -0.007648576207041078,
    "rtrd": -0.009140550914728806,
    "hltprbn": -0.00959723767289775,
    "rlgdgr": -0.009924279952937895,
    "jbexevl": -0.010658768077567458,
    "ipshabta": -0.0110322607427037,
    "dscrgnd": -0.014324066033310528,
    "jbexpvi": -0.015268584988271303,
    "hltphal": -0.0171369267833594,
    "jbexebs": -0.017143735849120535,
    "gndr": -0.017580139203505905,
    "medtroc": -0.018593803265455486,
    "freinsw": -0.020888665976428602,
    "lrnobed": -0.02152438267786284,
    "pdjobev": -0.022495972670409845,
    "hlpfmly": -0.022573501364989333,
    "trhltht": -0.023219947226747674,
    "dscrsex": -0.02429884417690641,
    "dscrref": -0.024612676600548673,
    "medtrnt": -0.024903203004547375,
    "emprf14": -0.025289621635730775,
    "ipbhprpa": -0.02563342991848168,
    "dscretn": -0.026470843722801462,
    "hltphsc": -0.02791094219010993,
    "trwkcnt": -0.028587431556403226,
    "wkhtot": -0.029478272710137827,
    "ipsucesa": -0.03398963800821748,
    "dscrage": -0.037850250631894164,
    "emprm14": -0.03881012144292279,
    "jbexevc": -0.03885912328413472,
    "dscrrce": -0.04146393998604621,
    "jbexevh": -0.04181530846757655,
    "respc19a": -0.043199973206557885,
    "paccocrw": -0.043323734944326536,
    "dscrntn": -0.04451407297751028,
    "nwspol": -0.045267775876288774,
    "tporgwk": -0.0453236406432262,
    "wkhct": -0.04588690314524729,
    "age_group": -0.0464727524189795,
    "jbexpmc": -0.04672584304316633,
    "hltphsh": -0.047033783148450976,
    "paccinro": -0.047094996631086954,
    "jbexpti": -0.04969687266711742,
    "agea": -0.05017055529545099,
    "hltprsd": -0.05047682455763077,
    "donprty": -0.050835050392500365,
    "paccnois": -0.05149328388716173,
    "paccnbsh": -0.0527590256864863,
    "hltprsh": -0.053607496175789256,
    "hltphbn": -0.05441293763311616,
    "pacclift": -0.055090541494499996,
    "medtrnl": -0.05553678664797806,
    "hltprbp": -0.056369791789520236,
    "hltphdi": -0.05657245574222009,
    "hltphsd": -0.056806938257081205,
    "hltprhb": -0.05698581568256952,
    "feethngr": -0.05721759192577428,
    "ipadvnta": -0.057929433165036154,
    "uempli": -0.059417477274552905,
    "sgnptit": -0.059746730258066455,
    "hltprpa": -0.060533151760277557,
    "hltprpf": -0.061130055754052094,
    "hltprdi": -0.0620980290891592,
    "cancfre": -0.06304031666054027,
    "bctprd": -0.06316556012334533,
    "wrkctra": -0.06405700558901035,
    "hltphbp": -0.06573242399627137,
    "hltprhc": -0.06609242349732265,
    "contplt": -0.0666960113187671,
    "etfruit": -0.06762146436358195,
    "mainact": -0.06767106008859304,
    "medtrwl": -0.07192512506354493,
    "hltphhc": -0.0739941806100627,
    "ipeqopta": -0.07555542520105346,
    "uempla": -0.07692250816990599,
    "paccmoro": -0.07818753861299549,
    "hltphhb": -0.07899074777145117,
    "impenva": -0.07918310538666808,
    "impdiffa": -0.07958387258584149,
    "medtrnp": -0.08195788617461557,
    "hltphpa": -0.08251155573862223,
    "paccdwlr": -0.0829758837590804,